部位ID,部位名称,主属性池（按权重）,必带主属性数量,随机属性池（按权重）,随机属性条数（普通/稀有/传奇）,适用职业,备注
HEAD,头,生命:40|防御:35|攻击:10,1,生命:20|防御:20|减伤:15|攻击:10|暴击率:10|元素伤害:10,0/1/1-2,全职业,头盔/帽子/头饰类（已摘掉未落地的「抗暴」）
CHEST,胸,生命:50|防御:40|减伤:10,1,生命:25|防御:25|减伤:20|攻击:10,0/1/1-2,全职业,胸甲/长袍/护甲类（已摘掉未落地的「受控减免/生命回复」）
# 【2026-10-08 17:42 主人已在预制体里补了「手」槽 → HAND 部位恢复掉落】
#   16:56 曾删掉（当时底部快捷槽只有 5 格、手部装备没地方显示），现在主人加了槽位，放回原处。
#   ⚠ 解析器 RiftEquipTables.LoadSlots 不跳过 # 注释行，注释里别出现英文逗号分列的结构。
# 【2026-10-10 主人拍板】HAND / FOOT 主属性池与随机属性池加「智力 / 力量」权重（HEAD / CHEST 不动 —— 头胸主要给血和防御）。职业过滤是词条级自动做的 非本职业那条会被跳过且不占权重。
HAND,手,攻击:45|暴击率:25|攻速:20|元素伤害:10|INTELLIGENCE:20|STRENGTH:20,1,攻击:25|暴击率:20|暴击伤害:20|攻速:15|射程:10|元素伤害:10|INTELLIGENCE:12|STRENGTH:12,0/1/1-2,全职业,手套/护手/护腕类
FOOT,脚,移速:60|防御:25|闪避:15|INTELLIGENCE:18|STRENGTH:18,1,移速:30|防御:20|闪避:20|攻速:15|暴击率:10|生命:5|INTELLIGENCE:12|STRENGTH:12,0/1/1-2,全职业,鞋子/战靴/皮靴类
WEAPON_SWORD,剑盾武器,攻击:70|防御:30,1,攻击:20|防御:20|生命:15|暴击率:10|减伤:10|生命偷取:5,0/1/1-2,剑盾卫士,单手剑/盾/双手剑共用（防御向）
WEAPON_HEAVY,重武武器,攻击:100,1,攻击:30|暴击伤害:15|生命:15|防御:15|生命偷取:10,0/1/1-2,重武者,巨锤/战斧共用（高攻低频）
WEAPON_DUAL,狂战武器,攻击:100,1,攻击:30|攻速:25|暴击率:15|暴击伤害:15|生命偷取:15,0/1/1-2,狂战士,双刀/双手大剑共用（攻速吸血向）
WEAPON_BOW,游侠武器,攻击:100,1,攻击:30|射程:20|暴击率:15|攻速:15|暴击伤害:15|中毒:10,0/1/1-2,游侠,长弓/弩共用（射程暴击向）
WEAPON_STAFF,法师武器,MAGIC_ATK:100,1,MAGIC_ATK:30|元素伤害:30|暴击伤害:15|MAGIC_DEF:10,0/1/1-2,法师,法杖/魔导书共用（主属性改魔攻，原「攻击」会让法师拿物理攻）
WEAPON_MACE,牧师武器,MAGIC_ATK:70|生命:30,1,生命:25|MAGIC_ATK:20|攻速:15|防御:10|MAGIC_DEF:10,0/1/1-2,牧师,权杖/圣典共用（魔攻+生命向）
