# order=执行顺序 action=normal|flank|around；普通波右侧进场，flank 左右夹击，around 环绕目标。
# hp*=怪物最终满血（MONSTER_HP_GLOBAL_MUL 已改 1.0，本档不再二次缩放）；整型 Random.Range(min,max开区间)。
# eliteCount=本波内被放大为精英的只数（占 count 名额，不是额外追加），取最后 N 个槽位。
# rangedCount=本波远程只数，写 -1 或留空 = 走旧自动规则（近战:远程 ≈ 4:2）。放在末列，旧档不写即自动。
# 设计意图：每拍只教一件事，总量 35 → 22 只；第 6 拍（夹击 + 2 精英）正常打不完，用来教会「撤离」。
order,action,count,spriteMelee,spriteRanged,ambush,mercId,mercHpRatio,aheadDist,stunned,eliteCount,hpMin,hpMax,eliteHpMin,eliteHpMax,note,rangedCount
1,normal,2,1,2,0,,,,,,0,36,42,110,130,试探·2只纯近战,0
2,normal,3,1,2,0,,,,,,0,36,42,110,130,散兵·2近1弓教远程威胁,1
3,flank,4,1,2,1,,,,,,0,40,46,120,140,宝箱陷阱·左右夹击,1
4,around,4,1,2,0,naima101,0.35,5.5,1,1,40,46,110,130,牧师被围·含1精英,1
5,normal,4,1,2,0,,,,,,0,44,52,130,150,入队后一波·验证技能自动释放,1
6,flank,5,1,2,1,,,,,,2,48,56,150,175,压轴·夹击+2精英，正常打不完→撤离,1
